{"cameraMode":{"drawMode":0,"name":"Shaded","section":"Shading Mode"},"sceneLighting":true,"audioPlay":false,"sceneViewState":{"showFog":true,"showMaterialUpdate":false,"showSkybox":true,"showFlares":true,"showImageEffects":true,"showParticleSystems":true},"in2DMode":false,"pivot":{"x":-0.896560788154602,"y":-0.07114610821008682,"z":2.511760711669922},"rotation":{"x":-0.0779155045747757,"y":0.7423010468482971,"z":-0.08772484213113785,"w":-0.6597582697868347},"size":4.2384867668151859,"orthographic":true}